--------------------------------------------------------
--  File created - Sunday-June-07-2026   
--------------------------------------------------------
--------------------------------------------------------
--  DDL for Sequence SEQ_DETAIL
--------------------------------------------------------

   CREATE SEQUENCE  "OCEANBITE"."SEQ_DETAIL"  MINVALUE 1 MAXVALUE 9999999999999999999999999999 INCREMENT BY 1 START WITH 21 CACHE 20 NOORDER  NOCYCLE  NOKEEP  NOSCALE  GLOBAL ;
--------------------------------------------------------
--  DDL for Sequence SEQ_KATEGORI
--------------------------------------------------------

   CREATE SEQUENCE  "OCEANBITE"."SEQ_KATEGORI"  MINVALUE 1 MAXVALUE 9999999999999999999999999999 INCREMENT BY 1 START WITH 21 CACHE 20 NOORDER  NOCYCLE  NOKEEP  NOSCALE  GLOBAL ;
--------------------------------------------------------
--  DDL for Sequence SEQ_MENU
--------------------------------------------------------

   CREATE SEQUENCE  "OCEANBITE"."SEQ_MENU"  MINVALUE 1 MAXVALUE 9999999999999999999999999999 INCREMENT BY 1 START WITH 21 CACHE 20 NOORDER  NOCYCLE  NOKEEP  NOSCALE  GLOBAL ;
--------------------------------------------------------
--  DDL for Sequence SEQ_PEMBAYARAN
--------------------------------------------------------

   CREATE SEQUENCE  "OCEANBITE"."SEQ_PEMBAYARAN"  MINVALUE 1 MAXVALUE 9999999999999999999999999999 INCREMENT BY 1 START WITH 21 CACHE 20 NOORDER  NOCYCLE  NOKEEP  NOSCALE  GLOBAL ;
--------------------------------------------------------
--  DDL for Sequence SEQ_PESANAN
--------------------------------------------------------

   CREATE SEQUENCE  "OCEANBITE"."SEQ_PESANAN"  MINVALUE 1 MAXVALUE 9999999999999999999999999999 INCREMENT BY 1 START WITH 21 CACHE 20 NOORDER  NOCYCLE  NOKEEP  NOSCALE  GLOBAL ;
--------------------------------------------------------
--  DDL for Sequence SEQ_USERS
--------------------------------------------------------

   CREATE SEQUENCE  "OCEANBITE"."SEQ_USERS"  MINVALUE 1 MAXVALUE 9999999999999999999999999999 INCREMENT BY 1 START WITH 61 CACHE 20 NOORDER  NOCYCLE  NOKEEP  NOSCALE  GLOBAL ;
--------------------------------------------------------
--  DDL for Table DETAIL_PESANAN
--------------------------------------------------------

  CREATE TABLE "OCEANBITE"."DETAIL_PESANAN" 
   (	"ID_DETAIL" NUMBER, 
	"ID_PESANAN" NUMBER, 
	"ID_MENU" NUMBER, 
	"JUMLAH" NUMBER, 
	"SUBTOTAL" NUMBER
   ) SEGMENT CREATION IMMEDIATE 
  PCTFREE 10 PCTUSED 40 INITRANS 1 MAXTRANS 255 
 NOCOMPRESS LOGGING
  STORAGE(INITIAL 65536 NEXT 1048576 MINEXTENTS 1 MAXEXTENTS 2147483645
  PCTINCREASE 0 FREELISTS 1 FREELIST GROUPS 1
  BUFFER_POOL DEFAULT FLASH_CACHE DEFAULT CELL_FLASH_CACHE DEFAULT)
  TABLESPACE "USERS" ;
--------------------------------------------------------
--  DDL for Table KATEGORI
--------------------------------------------------------

  CREATE TABLE "OCEANBITE"."KATEGORI" 
   (	"ID_KATEGORI" NUMBER, 
	"NAMA_KATEGORI" VARCHAR2(100 BYTE)
   ) SEGMENT CREATION IMMEDIATE 
  PCTFREE 10 PCTUSED 40 INITRANS 1 MAXTRANS 255 
 NOCOMPRESS LOGGING
  STORAGE(INITIAL 65536 NEXT 1048576 MINEXTENTS 1 MAXEXTENTS 2147483645
  PCTINCREASE 0 FREELISTS 1 FREELIST GROUPS 1
  BUFFER_POOL DEFAULT FLASH_CACHE DEFAULT CELL_FLASH_CACHE DEFAULT)
  TABLESPACE "USERS" ;
--------------------------------------------------------
--  DDL for Table MENU
--------------------------------------------------------

  CREATE TABLE "OCEANBITE"."MENU" 
   (	"ID_MENU" NUMBER, 
	"ID_KATEGORI" NUMBER, 
	"NAMA_MENU" VARCHAR2(100 BYTE), 
	"HARGA" NUMBER, 
	"STOK" NUMBER, 
	"DESKRIPSI" VARCHAR2(255 BYTE), 
	"GAMBAR" VARCHAR2(255 BYTE)
   ) SEGMENT CREATION IMMEDIATE 
  PCTFREE 10 PCTUSED 40 INITRANS 1 MAXTRANS 255 
 NOCOMPRESS LOGGING
  STORAGE(INITIAL 65536 NEXT 1048576 MINEXTENTS 1 MAXEXTENTS 2147483645
  PCTINCREASE 0 FREELISTS 1 FREELIST GROUPS 1
  BUFFER_POOL DEFAULT FLASH_CACHE DEFAULT CELL_FLASH_CACHE DEFAULT)
  TABLESPACE "USERS" ;
--------------------------------------------------------
--  DDL for Table PEMBAYARAN
--------------------------------------------------------

  CREATE TABLE "OCEANBITE"."PEMBAYARAN" 
   (	"ID_PEMBAYARAN" NUMBER, 
	"ID_PESANAN" NUMBER, 
	"METODE_PEMBAYARAN" VARCHAR2(50 BYTE), 
	"BUKTI_BAYAR" VARCHAR2(255 BYTE), 
	"STATUS_VERIFIKASI" VARCHAR2(50 BYTE)
   ) SEGMENT CREATION IMMEDIATE 
  PCTFREE 10 PCTUSED 40 INITRANS 1 MAXTRANS 255 
 NOCOMPRESS LOGGING
  STORAGE(INITIAL 65536 NEXT 1048576 MINEXTENTS 1 MAXEXTENTS 2147483645
  PCTINCREASE 0 FREELISTS 1 FREELIST GROUPS 1
  BUFFER_POOL DEFAULT FLASH_CACHE DEFAULT CELL_FLASH_CACHE DEFAULT)
  TABLESPACE "USERS" ;
--------------------------------------------------------
--  DDL for Table PESANAN
--------------------------------------------------------

  CREATE TABLE "OCEANBITE"."PESANAN" 
   (	"ID_PESANAN" NUMBER, 
	"ID_USER" NUMBER, 
	"TANGGAL_PESAN" DATE, 
	"TOTAL_HARGA" NUMBER, 
	"STATUS_PESANAN" VARCHAR2(50 BYTE)
   ) SEGMENT CREATION IMMEDIATE 
  PCTFREE 10 PCTUSED 40 INITRANS 1 MAXTRANS 255 
 NOCOMPRESS LOGGING
  STORAGE(INITIAL 65536 NEXT 1048576 MINEXTENTS 1 MAXEXTENTS 2147483645
  PCTINCREASE 0 FREELISTS 1 FREELIST GROUPS 1
  BUFFER_POOL DEFAULT FLASH_CACHE DEFAULT CELL_FLASH_CACHE DEFAULT)
  TABLESPACE "USERS" ;
--------------------------------------------------------
--  DDL for Table USERS
--------------------------------------------------------

  CREATE TABLE "OCEANBITE"."USERS" 
   (	"ID_USER" NUMBER, 
	"USERNAME" VARCHAR2(100 BYTE), 
	"PASSWORD" VARCHAR2(255 BYTE), 
	"NAMA_LENGKAP" VARCHAR2(100 BYTE), 
	"NO_HP" VARCHAR2(20 BYTE), 
	"ROLE" VARCHAR2(20 BYTE)
   ) SEGMENT CREATION IMMEDIATE 
  PCTFREE 10 PCTUSED 40 INITRANS 1 MAXTRANS 255 
 NOCOMPRESS LOGGING
  STORAGE(INITIAL 65536 NEXT 1048576 MINEXTENTS 1 MAXEXTENTS 2147483645
  PCTINCREASE 0 FREELISTS 1 FREELIST GROUPS 1
  BUFFER_POOL DEFAULT FLASH_CACHE DEFAULT CELL_FLASH_CACHE DEFAULT)
  TABLESPACE "USERS" ;
REM INSERTING into OCEANBITE.DETAIL_PESANAN
SET DEFINE OFF;
Insert into OCEANBITE.DETAIL_PESANAN (ID_DETAIL,ID_PESANAN,ID_MENU,JUMLAH,SUBTOTAL) values ('5','2','11','1','14000');
Insert into OCEANBITE.DETAIL_PESANAN (ID_DETAIL,ID_PESANAN,ID_MENU,JUMLAH,SUBTOTAL) values ('9','6','8','1','18000');
Insert into OCEANBITE.DETAIL_PESANAN (ID_DETAIL,ID_PESANAN,ID_MENU,JUMLAH,SUBTOTAL) values ('10','7','8','1','18000');
Insert into OCEANBITE.DETAIL_PESANAN (ID_DETAIL,ID_PESANAN,ID_MENU,JUMLAH,SUBTOTAL) values ('11','8','1','1','35000');
Insert into OCEANBITE.DETAIL_PESANAN (ID_DETAIL,ID_PESANAN,ID_MENU,JUMLAH,SUBTOTAL) values ('12','9','7','1','22000');
Insert into OCEANBITE.DETAIL_PESANAN (ID_DETAIL,ID_PESANAN,ID_MENU,JUMLAH,SUBTOTAL) values ('1','1','12','1','17000');
Insert into OCEANBITE.DETAIL_PESANAN (ID_DETAIL,ID_PESANAN,ID_MENU,JUMLAH,SUBTOTAL) values ('2','1','1','2','70000');
Insert into OCEANBITE.DETAIL_PESANAN (ID_DETAIL,ID_PESANAN,ID_MENU,JUMLAH,SUBTOTAL) values ('3','1','3','1','30000');
Insert into OCEANBITE.DETAIL_PESANAN (ID_DETAIL,ID_PESANAN,ID_MENU,JUMLAH,SUBTOTAL) values ('4','1','2','1','45000');
Insert into OCEANBITE.DETAIL_PESANAN (ID_DETAIL,ID_PESANAN,ID_MENU,JUMLAH,SUBTOTAL) values ('16','13','10','1','15000');
Insert into OCEANBITE.DETAIL_PESANAN (ID_DETAIL,ID_PESANAN,ID_MENU,JUMLAH,SUBTOTAL) values ('17','14','1','1','35000');
Insert into OCEANBITE.DETAIL_PESANAN (ID_DETAIL,ID_PESANAN,ID_MENU,JUMLAH,SUBTOTAL) values ('18','14','12','1','17000');
Insert into OCEANBITE.DETAIL_PESANAN (ID_DETAIL,ID_PESANAN,ID_MENU,JUMLAH,SUBTOTAL) values ('6','3','2','1','45000');
Insert into OCEANBITE.DETAIL_PESANAN (ID_DETAIL,ID_PESANAN,ID_MENU,JUMLAH,SUBTOTAL) values ('7','4','1','1','35000');
Insert into OCEANBITE.DETAIL_PESANAN (ID_DETAIL,ID_PESANAN,ID_MENU,JUMLAH,SUBTOTAL) values ('8','5','8','1','18000');
Insert into OCEANBITE.DETAIL_PESANAN (ID_DETAIL,ID_PESANAN,ID_MENU,JUMLAH,SUBTOTAL) values ('13','10','5','1','28000');
Insert into OCEANBITE.DETAIL_PESANAN (ID_DETAIL,ID_PESANAN,ID_MENU,JUMLAH,SUBTOTAL) values ('14','11','9','1','20000');
Insert into OCEANBITE.DETAIL_PESANAN (ID_DETAIL,ID_PESANAN,ID_MENU,JUMLAH,SUBTOTAL) values ('15','12','1','1','35000');
REM INSERTING into OCEANBITE.KATEGORI
SET DEFINE OFF;
Insert into OCEANBITE.KATEGORI (ID_KATEGORI,NAMA_KATEGORI) values ('1','Seafood');
Insert into OCEANBITE.KATEGORI (ID_KATEGORI,NAMA_KATEGORI) values ('2','Dimsum');
Insert into OCEANBITE.KATEGORI (ID_KATEGORI,NAMA_KATEGORI) values ('3','Dessert');
Insert into OCEANBITE.KATEGORI (ID_KATEGORI,NAMA_KATEGORI) values ('4','Drinks');
REM INSERTING into OCEANBITE.MENU
SET DEFINE OFF;
Insert into OCEANBITE.MENU (ID_MENU,ID_KATEGORI,NAMA_MENU,HARGA,STOK,DESKRIPSI,GAMBAR) values ('1','1','Cumi Crispy','35000','30','Cumi goreng crispy dengan saus spesial','cumi.jpg');
Insert into OCEANBITE.MENU (ID_MENU,ID_KATEGORI,NAMA_MENU,HARGA,STOK,DESKRIPSI,GAMBAR) values ('2','1','Udang Saus Padang','45000','25','Udang segar saus padang','udang.jpg');
Insert into OCEANBITE.MENU (ID_MENU,ID_KATEGORI,NAMA_MENU,HARGA,STOK,DESKRIPSI,GAMBAR) values ('3','1','Fish Ball Seafood','30000','20','Bola ikan seafood premium','fishball.jpg');
Insert into OCEANBITE.MENU (ID_MENU,ID_KATEGORI,NAMA_MENU,HARGA,STOK,DESKRIPSI,GAMBAR) values ('4','2','Dimsum Udang','25000','50','Dimsum isi udang premium','dimsum_udang.jpg');
Insert into OCEANBITE.MENU (ID_MENU,ID_KATEGORI,NAMA_MENU,HARGA,STOK,DESKRIPSI,GAMBAR) values ('5','2','Hakau','28000','40','Hakau isi udang lembut','hakau.jpg');
Insert into OCEANBITE.MENU (ID_MENU,ID_KATEGORI,NAMA_MENU,HARGA,STOK,DESKRIPSI,GAMBAR) values ('6','2','Siomay Kepiting','27000','35','Siomay kepiting lembut','siomay.jpg');
Insert into OCEANBITE.MENU (ID_MENU,ID_KATEGORI,NAMA_MENU,HARGA,STOK,DESKRIPSI,GAMBAR) values ('7','3','Mango Sago','22000','30','Dessert mangga segar','mango.jpg');
Insert into OCEANBITE.MENU (ID_MENU,ID_KATEGORI,NAMA_MENU,HARGA,STOK,DESKRIPSI,GAMBAR) values ('8','3','Pudding Caramel','18000','40','Pudding caramel lembut','pudding.jpg');
Insert into OCEANBITE.MENU (ID_MENU,ID_KATEGORI,NAMA_MENU,HARGA,STOK,DESKRIPSI,GAMBAR) values ('9','3','Ice Cream Matcha','20000','35','Es krim matcha premium','matcha.jpg');
Insert into OCEANBITE.MENU (ID_MENU,ID_KATEGORI,NAMA_MENU,HARGA,STOK,DESKRIPSI,GAMBAR) values ('10','4','Lychee Tea','15000','50','Minuman teh leci segar','lychee.jpg');
Insert into OCEANBITE.MENU (ID_MENU,ID_KATEGORI,NAMA_MENU,HARGA,STOK,DESKRIPSI,GAMBAR) values ('11','4','Lemon Tea','14000','50','Teh lemon dingin','lemon.jpg');
Insert into OCEANBITE.MENU (ID_MENU,ID_KATEGORI,NAMA_MENU,HARGA,STOK,DESKRIPSI,GAMBAR) values ('12','4','Thai Tea','17000','45','Thai tea creamy','thaitea.jpg');
REM INSERTING into OCEANBITE.PEMBAYARAN
SET DEFINE OFF;
Insert into OCEANBITE.PEMBAYARAN (ID_PEMBAYARAN,ID_PESANAN,METODE_PEMBAYARAN,BUKTI_BAYAR,STATUS_VERIFIKASI) values ('2','2','QRIS','1778351946.png','verified');
Insert into OCEANBITE.PEMBAYARAN (ID_PEMBAYARAN,ID_PESANAN,METODE_PEMBAYARAN,BUKTI_BAYAR,STATUS_VERIFIKASI) values ('5','7','Tunai',null,'verified');
Insert into OCEANBITE.PEMBAYARAN (ID_PEMBAYARAN,ID_PESANAN,METODE_PEMBAYARAN,BUKTI_BAYAR,STATUS_VERIFIKASI) values ('6','8','QRIS','1778400379.png','verified');
Insert into OCEANBITE.PEMBAYARAN (ID_PEMBAYARAN,ID_PESANAN,METODE_PEMBAYARAN,BUKTI_BAYAR,STATUS_VERIFIKASI) values ('7','9','Tunai',null,'verified');
Insert into OCEANBITE.PEMBAYARAN (ID_PEMBAYARAN,ID_PESANAN,METODE_PEMBAYARAN,BUKTI_BAYAR,STATUS_VERIFIKASI) values ('1','1','QRIS','1778351409.png','verified');
Insert into OCEANBITE.PEMBAYARAN (ID_PEMBAYARAN,ID_PESANAN,METODE_PEMBAYARAN,BUKTI_BAYAR,STATUS_VERIFIKASI) values ('11','13','Tunai',null,'Menunggu pembayaran di kasir');
Insert into OCEANBITE.PEMBAYARAN (ID_PEMBAYARAN,ID_PESANAN,METODE_PEMBAYARAN,BUKTI_BAYAR,STATUS_VERIFIKASI) values ('12','14','QRIS','1778466525.png','verified');
Insert into OCEANBITE.PEMBAYARAN (ID_PEMBAYARAN,ID_PESANAN,METODE_PEMBAYARAN,BUKTI_BAYAR,STATUS_VERIFIKASI) values ('3','3','Transfer Bank','1778352390.png','verified');
Insert into OCEANBITE.PEMBAYARAN (ID_PEMBAYARAN,ID_PESANAN,METODE_PEMBAYARAN,BUKTI_BAYAR,STATUS_VERIFIKASI) values ('4','4','QRIS','1778354460.png','verified');
Insert into OCEANBITE.PEMBAYARAN (ID_PEMBAYARAN,ID_PESANAN,METODE_PEMBAYARAN,BUKTI_BAYAR,STATUS_VERIFIKASI) values ('8','10','QRIS','1778405181.png','Pending Verifikasi');
Insert into OCEANBITE.PEMBAYARAN (ID_PEMBAYARAN,ID_PESANAN,METODE_PEMBAYARAN,BUKTI_BAYAR,STATUS_VERIFIKASI) values ('9','11','Tunai',null,'Menunggu pembayaran di kasir');
Insert into OCEANBITE.PEMBAYARAN (ID_PEMBAYARAN,ID_PESANAN,METODE_PEMBAYARAN,BUKTI_BAYAR,STATUS_VERIFIKASI) values ('10','12','Tunai',null,'Menunggu pembayaran di kasir');
REM INSERTING into OCEANBITE.PESANAN
SET DEFINE OFF;
Insert into OCEANBITE.PESANAN (ID_PESANAN,ID_USER,TANGGAL_PESAN,TOTAL_HARGA,STATUS_PESANAN) values ('2','21',to_date('09-05-2026','DD-MM-RRRR'),'14000','success');
Insert into OCEANBITE.PESANAN (ID_PESANAN,ID_USER,TANGGAL_PESAN,TOTAL_HARGA,STATUS_PESANAN) values ('6','22',to_date('10-05-2026','DD-MM-RRRR'),'18000','pending');
Insert into OCEANBITE.PESANAN (ID_PESANAN,ID_USER,TANGGAL_PESAN,TOTAL_HARGA,STATUS_PESANAN) values ('7','22',to_date('10-05-2026','DD-MM-RRRR'),'18000','success');
Insert into OCEANBITE.PESANAN (ID_PESANAN,ID_USER,TANGGAL_PESAN,TOTAL_HARGA,STATUS_PESANAN) values ('8','22',to_date('10-05-2026','DD-MM-RRRR'),'35000','success');
Insert into OCEANBITE.PESANAN (ID_PESANAN,ID_USER,TANGGAL_PESAN,TOTAL_HARGA,STATUS_PESANAN) values ('9','22',to_date('10-05-2026','DD-MM-RRRR'),'22000','success');
Insert into OCEANBITE.PESANAN (ID_PESANAN,ID_USER,TANGGAL_PESAN,TOTAL_HARGA,STATUS_PESANAN) values ('1','21',to_date('09-05-2026','DD-MM-RRRR'),'162000','success');
Insert into OCEANBITE.PESANAN (ID_PESANAN,ID_USER,TANGGAL_PESAN,TOTAL_HARGA,STATUS_PESANAN) values ('13','21',to_date('11-05-2026','DD-MM-RRRR'),'15000','pending');
Insert into OCEANBITE.PESANAN (ID_PESANAN,ID_USER,TANGGAL_PESAN,TOTAL_HARGA,STATUS_PESANAN) values ('14','21',to_date('11-05-2026','DD-MM-RRRR'),'52000','success');
Insert into OCEANBITE.PESANAN (ID_PESANAN,ID_USER,TANGGAL_PESAN,TOTAL_HARGA,STATUS_PESANAN) values ('3','21',to_date('09-05-2026','DD-MM-RRRR'),'45000','success');
Insert into OCEANBITE.PESANAN (ID_PESANAN,ID_USER,TANGGAL_PESAN,TOTAL_HARGA,STATUS_PESANAN) values ('4','21',to_date('09-05-2026','DD-MM-RRRR'),'35000','success');
Insert into OCEANBITE.PESANAN (ID_PESANAN,ID_USER,TANGGAL_PESAN,TOTAL_HARGA,STATUS_PESANAN) values ('5','22',to_date('10-05-2026','DD-MM-RRRR'),'18000','pending');
Insert into OCEANBITE.PESANAN (ID_PESANAN,ID_USER,TANGGAL_PESAN,TOTAL_HARGA,STATUS_PESANAN) values ('10','21',to_date('10-05-2026','DD-MM-RRRR'),'28000','pending');
Insert into OCEANBITE.PESANAN (ID_PESANAN,ID_USER,TANGGAL_PESAN,TOTAL_HARGA,STATUS_PESANAN) values ('11','21',to_date('10-05-2026','DD-MM-RRRR'),'20000','pending');
Insert into OCEANBITE.PESANAN (ID_PESANAN,ID_USER,TANGGAL_PESAN,TOTAL_HARGA,STATUS_PESANAN) values ('12','21',to_date('11-05-2026','DD-MM-RRRR'),'35000','pending');
REM INSERTING into OCEANBITE.USERS
SET DEFINE OFF;
Insert into OCEANBITE.USERS (ID_USER,USERNAME,PASSWORD,NAMA_LENGKAP,NO_HP,ROLE) values ('41','hanna','$2y$10$7a6rsIuNUUbyOtmRb29aH.ZChWYSxPke4XyncdYbjODU6ug.O1lJC','hanna t','081234561234','user');
Insert into OCEANBITE.USERS (ID_USER,USERNAME,PASSWORD,NAMA_LENGKAP,NO_HP,ROLE) values ('21','miarizki@gmail.com','$2y$10$tpHcVBdWdEfQai6eUPQrvuuFJyeYMkAgPjlQMhjLVfjd.DDAlzgDK','Mia Rizki Aminarti','081269197525','user');
Insert into OCEANBITE.USERS (ID_USER,USERNAME,PASSWORD,NAMA_LENGKAP,NO_HP,ROLE) values ('22','zizi@gmail.com','$2y$10$5v0jRBh.KSQgau2SyI2UzerPhRGMUZgGl8dIWEyhPPwrbHnB0aelm','zizi','081256783425','user');
Insert into OCEANBITE.USERS (ID_USER,USERNAME,PASSWORD,NAMA_LENGKAP,NO_HP,ROLE) values ('1','admin','admin123','Administrator','081234567890','admin');
Insert into OCEANBITE.USERS (ID_USER,USERNAME,PASSWORD,NAMA_LENGKAP,NO_HP,ROLE) values ('2','mia','mia123','Mia Rizki','081234567891','user');
Insert into OCEANBITE.USERS (ID_USER,USERNAME,PASSWORD,NAMA_LENGKAP,NO_HP,ROLE) values ('44','miarizki','$2y$10$HZAPuIYqaiUIvYEija16F.CiBOhz9pMadv3F0mR5KfgD1MY7U.Tii','mia rizki','0854123456789','user');
--------------------------------------------------------
--  DDL for Index SYS_C008629
--------------------------------------------------------

  CREATE UNIQUE INDEX "OCEANBITE"."SYS_C008629" ON "OCEANBITE"."USERS" ("ID_USER") 
  PCTFREE 10 INITRANS 2 MAXTRANS 255 COMPUTE STATISTICS 
  STORAGE(INITIAL 65536 NEXT 1048576 MINEXTENTS 1 MAXEXTENTS 2147483645
  PCTINCREASE 0 FREELISTS 1 FREELIST GROUPS 1
  BUFFER_POOL DEFAULT FLASH_CACHE DEFAULT CELL_FLASH_CACHE DEFAULT)
  TABLESPACE "USERS" ;
--------------------------------------------------------
--  DDL for Index SYS_C008630
--------------------------------------------------------

  CREATE UNIQUE INDEX "OCEANBITE"."SYS_C008630" ON "OCEANBITE"."USERS" ("USERNAME") 
  PCTFREE 10 INITRANS 2 MAXTRANS 255 COMPUTE STATISTICS 
  STORAGE(INITIAL 65536 NEXT 1048576 MINEXTENTS 1 MAXEXTENTS 2147483645
  PCTINCREASE 0 FREELISTS 1 FREELIST GROUPS 1
  BUFFER_POOL DEFAULT FLASH_CACHE DEFAULT CELL_FLASH_CACHE DEFAULT)
  TABLESPACE "USERS" ;
--------------------------------------------------------
--  DDL for Index SYS_C008631
--------------------------------------------------------

  CREATE UNIQUE INDEX "OCEANBITE"."SYS_C008631" ON "OCEANBITE"."KATEGORI" ("ID_KATEGORI") 
  PCTFREE 10 INITRANS 2 MAXTRANS 255 COMPUTE STATISTICS 
  STORAGE(INITIAL 65536 NEXT 1048576 MINEXTENTS 1 MAXEXTENTS 2147483645
  PCTINCREASE 0 FREELISTS 1 FREELIST GROUPS 1
  BUFFER_POOL DEFAULT FLASH_CACHE DEFAULT CELL_FLASH_CACHE DEFAULT)
  TABLESPACE "USERS" ;
--------------------------------------------------------
--  DDL for Index SYS_C008632
--------------------------------------------------------

  CREATE UNIQUE INDEX "OCEANBITE"."SYS_C008632" ON "OCEANBITE"."MENU" ("ID_MENU") 
  PCTFREE 10 INITRANS 2 MAXTRANS 255 COMPUTE STATISTICS 
  STORAGE(INITIAL 65536 NEXT 1048576 MINEXTENTS 1 MAXEXTENTS 2147483645
  PCTINCREASE 0 FREELISTS 1 FREELIST GROUPS 1
  BUFFER_POOL DEFAULT FLASH_CACHE DEFAULT CELL_FLASH_CACHE DEFAULT)
  TABLESPACE "USERS" ;
--------------------------------------------------------
--  DDL for Index SYS_C008634
--------------------------------------------------------

  CREATE UNIQUE INDEX "OCEANBITE"."SYS_C008634" ON "OCEANBITE"."PESANAN" ("ID_PESANAN") 
  PCTFREE 10 INITRANS 2 MAXTRANS 255 COMPUTE STATISTICS 
  STORAGE(INITIAL 65536 NEXT 1048576 MINEXTENTS 1 MAXEXTENTS 2147483645
  PCTINCREASE 0 FREELISTS 1 FREELIST GROUPS 1
  BUFFER_POOL DEFAULT FLASH_CACHE DEFAULT CELL_FLASH_CACHE DEFAULT)
  TABLESPACE "USERS" ;
--------------------------------------------------------
--  DDL for Index SYS_C008636
--------------------------------------------------------

  CREATE UNIQUE INDEX "OCEANBITE"."SYS_C008636" ON "OCEANBITE"."DETAIL_PESANAN" ("ID_DETAIL") 
  PCTFREE 10 INITRANS 2 MAXTRANS 255 COMPUTE STATISTICS 
  STORAGE(INITIAL 65536 NEXT 1048576 MINEXTENTS 1 MAXEXTENTS 2147483645
  PCTINCREASE 0 FREELISTS 1 FREELIST GROUPS 1
  BUFFER_POOL DEFAULT FLASH_CACHE DEFAULT CELL_FLASH_CACHE DEFAULT)
  TABLESPACE "USERS" ;
--------------------------------------------------------
--  DDL for Index SYS_C008639
--------------------------------------------------------

  CREATE UNIQUE INDEX "OCEANBITE"."SYS_C008639" ON "OCEANBITE"."PEMBAYARAN" ("ID_PEMBAYARAN") 
  PCTFREE 10 INITRANS 2 MAXTRANS 255 COMPUTE STATISTICS 
  STORAGE(INITIAL 65536 NEXT 1048576 MINEXTENTS 1 MAXEXTENTS 2147483645
  PCTINCREASE 0 FREELISTS 1 FREELIST GROUPS 1
  BUFFER_POOL DEFAULT FLASH_CACHE DEFAULT CELL_FLASH_CACHE DEFAULT)
  TABLESPACE "USERS" ;
--------------------------------------------------------
--  DDL for Index SYS_C008636
--------------------------------------------------------

  CREATE UNIQUE INDEX "OCEANBITE"."SYS_C008636" ON "OCEANBITE"."DETAIL_PESANAN" ("ID_DETAIL") 
  PCTFREE 10 INITRANS 2 MAXTRANS 255 COMPUTE STATISTICS 
  STORAGE(INITIAL 65536 NEXT 1048576 MINEXTENTS 1 MAXEXTENTS 2147483645
  PCTINCREASE 0 FREELISTS 1 FREELIST GROUPS 1
  BUFFER_POOL DEFAULT FLASH_CACHE DEFAULT CELL_FLASH_CACHE DEFAULT)
  TABLESPACE "USERS" ;
--------------------------------------------------------
--  DDL for Index SYS_C008631
--------------------------------------------------------

  CREATE UNIQUE INDEX "OCEANBITE"."SYS_C008631" ON "OCEANBITE"."KATEGORI" ("ID_KATEGORI") 
  PCTFREE 10 INITRANS 2 MAXTRANS 255 COMPUTE STATISTICS 
  STORAGE(INITIAL 65536 NEXT 1048576 MINEXTENTS 1 MAXEXTENTS 2147483645
  PCTINCREASE 0 FREELISTS 1 FREELIST GROUPS 1
  BUFFER_POOL DEFAULT FLASH_CACHE DEFAULT CELL_FLASH_CACHE DEFAULT)
  TABLESPACE "USERS" ;
--------------------------------------------------------
--  DDL for Index SYS_C008632
--------------------------------------------------------

  CREATE UNIQUE INDEX "OCEANBITE"."SYS_C008632" ON "OCEANBITE"."MENU" ("ID_MENU") 
  PCTFREE 10 INITRANS 2 MAXTRANS 255 COMPUTE STATISTICS 
  STORAGE(INITIAL 65536 NEXT 1048576 MINEXTENTS 1 MAXEXTENTS 2147483645
  PCTINCREASE 0 FREELISTS 1 FREELIST GROUPS 1
  BUFFER_POOL DEFAULT FLASH_CACHE DEFAULT CELL_FLASH_CACHE DEFAULT)
  TABLESPACE "USERS" ;
--------------------------------------------------------
--  DDL for Index SYS_C008639
--------------------------------------------------------

  CREATE UNIQUE INDEX "OCEANBITE"."SYS_C008639" ON "OCEANBITE"."PEMBAYARAN" ("ID_PEMBAYARAN") 
  PCTFREE 10 INITRANS 2 MAXTRANS 255 COMPUTE STATISTICS 
  STORAGE(INITIAL 65536 NEXT 1048576 MINEXTENTS 1 MAXEXTENTS 2147483645
  PCTINCREASE 0 FREELISTS 1 FREELIST GROUPS 1
  BUFFER_POOL DEFAULT FLASH_CACHE DEFAULT CELL_FLASH_CACHE DEFAULT)
  TABLESPACE "USERS" ;
--------------------------------------------------------
--  DDL for Index SYS_C008634
--------------------------------------------------------

  CREATE UNIQUE INDEX "OCEANBITE"."SYS_C008634" ON "OCEANBITE"."PESANAN" ("ID_PESANAN") 
  PCTFREE 10 INITRANS 2 MAXTRANS 255 COMPUTE STATISTICS 
  STORAGE(INITIAL 65536 NEXT 1048576 MINEXTENTS 1 MAXEXTENTS 2147483645
  PCTINCREASE 0 FREELISTS 1 FREELIST GROUPS 1
  BUFFER_POOL DEFAULT FLASH_CACHE DEFAULT CELL_FLASH_CACHE DEFAULT)
  TABLESPACE "USERS" ;
--------------------------------------------------------
--  DDL for Index SYS_C008629
--------------------------------------------------------

  CREATE UNIQUE INDEX "OCEANBITE"."SYS_C008629" ON "OCEANBITE"."USERS" ("ID_USER") 
  PCTFREE 10 INITRANS 2 MAXTRANS 255 COMPUTE STATISTICS 
  STORAGE(INITIAL 65536 NEXT 1048576 MINEXTENTS 1 MAXEXTENTS 2147483645
  PCTINCREASE 0 FREELISTS 1 FREELIST GROUPS 1
  BUFFER_POOL DEFAULT FLASH_CACHE DEFAULT CELL_FLASH_CACHE DEFAULT)
  TABLESPACE "USERS" ;
--------------------------------------------------------
--  DDL for Index SYS_C008630
--------------------------------------------------------

  CREATE UNIQUE INDEX "OCEANBITE"."SYS_C008630" ON "OCEANBITE"."USERS" ("USERNAME") 
  PCTFREE 10 INITRANS 2 MAXTRANS 255 COMPUTE STATISTICS 
  STORAGE(INITIAL 65536 NEXT 1048576 MINEXTENTS 1 MAXEXTENTS 2147483645
  PCTINCREASE 0 FREELISTS 1 FREELIST GROUPS 1
  BUFFER_POOL DEFAULT FLASH_CACHE DEFAULT CELL_FLASH_CACHE DEFAULT)
  TABLESPACE "USERS" ;
--------------------------------------------------------
--  Constraints for Table DETAIL_PESANAN
--------------------------------------------------------

  ALTER TABLE "OCEANBITE"."DETAIL_PESANAN" ADD PRIMARY KEY ("ID_DETAIL")
  USING INDEX PCTFREE 10 INITRANS 2 MAXTRANS 255 COMPUTE STATISTICS 
  STORAGE(INITIAL 65536 NEXT 1048576 MINEXTENTS 1 MAXEXTENTS 2147483645
  PCTINCREASE 0 FREELISTS 1 FREELIST GROUPS 1
  BUFFER_POOL DEFAULT FLASH_CACHE DEFAULT CELL_FLASH_CACHE DEFAULT)
  TABLESPACE "USERS"  ENABLE;
--------------------------------------------------------
--  Constraints for Table KATEGORI
--------------------------------------------------------

  ALTER TABLE "OCEANBITE"."KATEGORI" ADD PRIMARY KEY ("ID_KATEGORI")
  USING INDEX PCTFREE 10 INITRANS 2 MAXTRANS 255 COMPUTE STATISTICS 
  STORAGE(INITIAL 65536 NEXT 1048576 MINEXTENTS 1 MAXEXTENTS 2147483645
  PCTINCREASE 0 FREELISTS 1 FREELIST GROUPS 1
  BUFFER_POOL DEFAULT FLASH_CACHE DEFAULT CELL_FLASH_CACHE DEFAULT)
  TABLESPACE "USERS"  ENABLE;
--------------------------------------------------------
--  Constraints for Table MENU
--------------------------------------------------------

  ALTER TABLE "OCEANBITE"."MENU" ADD PRIMARY KEY ("ID_MENU")
  USING INDEX PCTFREE 10 INITRANS 2 MAXTRANS 255 COMPUTE STATISTICS 
  STORAGE(INITIAL 65536 NEXT 1048576 MINEXTENTS 1 MAXEXTENTS 2147483645
  PCTINCREASE 0 FREELISTS 1 FREELIST GROUPS 1
  BUFFER_POOL DEFAULT FLASH_CACHE DEFAULT CELL_FLASH_CACHE DEFAULT)
  TABLESPACE "USERS"  ENABLE;
--------------------------------------------------------
--  Constraints for Table PEMBAYARAN
--------------------------------------------------------

  ALTER TABLE "OCEANBITE"."PEMBAYARAN" ADD PRIMARY KEY ("ID_PEMBAYARAN")
  USING INDEX PCTFREE 10 INITRANS 2 MAXTRANS 255 COMPUTE STATISTICS 
  STORAGE(INITIAL 65536 NEXT 1048576 MINEXTENTS 1 MAXEXTENTS 2147483645
  PCTINCREASE 0 FREELISTS 1 FREELIST GROUPS 1
  BUFFER_POOL DEFAULT FLASH_CACHE DEFAULT CELL_FLASH_CACHE DEFAULT)
  TABLESPACE "USERS"  ENABLE;
--------------------------------------------------------
--  Constraints for Table PESANAN
--------------------------------------------------------

  ALTER TABLE "OCEANBITE"."PESANAN" ADD PRIMARY KEY ("ID_PESANAN")
  USING INDEX PCTFREE 10 INITRANS 2 MAXTRANS 255 COMPUTE STATISTICS 
  STORAGE(INITIAL 65536 NEXT 1048576 MINEXTENTS 1 MAXEXTENTS 2147483645
  PCTINCREASE 0 FREELISTS 1 FREELIST GROUPS 1
  BUFFER_POOL DEFAULT FLASH_CACHE DEFAULT CELL_FLASH_CACHE DEFAULT)
  TABLESPACE "USERS"  ENABLE;
--------------------------------------------------------
--  Constraints for Table USERS
--------------------------------------------------------

  ALTER TABLE "OCEANBITE"."USERS" ADD PRIMARY KEY ("ID_USER")
  USING INDEX PCTFREE 10 INITRANS 2 MAXTRANS 255 COMPUTE STATISTICS 
  STORAGE(INITIAL 65536 NEXT 1048576 MINEXTENTS 1 MAXEXTENTS 2147483645
  PCTINCREASE 0 FREELISTS 1 FREELIST GROUPS 1
  BUFFER_POOL DEFAULT FLASH_CACHE DEFAULT CELL_FLASH_CACHE DEFAULT)
  TABLESPACE "USERS"  ENABLE;
  ALTER TABLE "OCEANBITE"."USERS" ADD UNIQUE ("USERNAME")
  USING INDEX PCTFREE 10 INITRANS 2 MAXTRANS 255 COMPUTE STATISTICS 
  STORAGE(INITIAL 65536 NEXT 1048576 MINEXTENTS 1 MAXEXTENTS 2147483645
  PCTINCREASE 0 FREELISTS 1 FREELIST GROUPS 1
  BUFFER_POOL DEFAULT FLASH_CACHE DEFAULT CELL_FLASH_CACHE DEFAULT)
  TABLESPACE "USERS"  ENABLE;
--------------------------------------------------------
--  Ref Constraints for Table DETAIL_PESANAN
--------------------------------------------------------

  ALTER TABLE "OCEANBITE"."DETAIL_PESANAN" ADD FOREIGN KEY ("ID_PESANAN")
	  REFERENCES "OCEANBITE"."PESANAN" ("ID_PESANAN") ENABLE;
  ALTER TABLE "OCEANBITE"."DETAIL_PESANAN" ADD FOREIGN KEY ("ID_MENU")
	  REFERENCES "OCEANBITE"."MENU" ("ID_MENU") ENABLE;
--------------------------------------------------------
--  Ref Constraints for Table MENU
--------------------------------------------------------

  ALTER TABLE "OCEANBITE"."MENU" ADD FOREIGN KEY ("ID_KATEGORI")
	  REFERENCES "OCEANBITE"."KATEGORI" ("ID_KATEGORI") ENABLE;
--------------------------------------------------------
--  Ref Constraints for Table PEMBAYARAN
--------------------------------------------------------

  ALTER TABLE "OCEANBITE"."PEMBAYARAN" ADD FOREIGN KEY ("ID_PESANAN")
	  REFERENCES "OCEANBITE"."PESANAN" ("ID_PESANAN") ENABLE;
--------------------------------------------------------
--  Ref Constraints for Table PESANAN
--------------------------------------------------------

  ALTER TABLE "OCEANBITE"."PESANAN" ADD FOREIGN KEY ("ID_USER")
	  REFERENCES "OCEANBITE"."USERS" ("ID_USER") ENABLE;
